{"count":1,"self":192.04026879999998,"total":193.49445269999998,"children":{"InitializeActuators":{"count":4,"self":0.0031168999999999997,"total":0.0031168999999999997,"children":null},"InitializeSensors":{"count":4,"self":0.0041037999999999995,"total":0.0041037999999999995,"children":null},"AgentSendState":{"count":9317,"self":0.0368466,"total":0.092896499999999993,"children":{"CollectObservations":{"count":1630,"self":0.016314699999999998,"total":0.016314699999999998,"children":null},"WriteActionMask":{"count":1630,"self":0.0015241,"total":0.0015241,"children":null},"RequestDecision":{"count":1630,"self":0.0382111,"total":0.0382111,"children":null}}},"DecideAction":{"count":9317,"self":1.2961226,"total":1.2961226,"children":null},"AgentAct":{"count":9317,"self":0.056366299999999994,"total":0.056366299999999994,"children":null}},"gauges":{},"metadata":{"timer_format_version":"0.1.0","start_time_seconds":"1732180225","unity_version":"2023.2.13f1","command_line_arguments":"C:\\Program Files\\Unity\\Hub\\Editor\\2023.2.13f1\\Editor\\Unity.exe -projectpath C:\\Users\\Han ByeongHyun\\OneDrive\\바탕 화면\\5entiment_1 ml-agents 학습용 -useHub -hubIPC -cloudEnvironment production","communication_protocol_version":"1.5.0","com.unity.ml-agents_version":"3.0.0-exp.1","scene_name":"MainDungeon","end_time_seconds":"1732180418"}}